stage,detector,diagram,detected,gt,tp,fp,fn,precision,recall,f1,runtime_seconds,note,by_label_p,by_label_r,by_label_f1,presence_p,presence_r,presence_f1
arrow,pixel_scan,diagram_01.png,4,3,2,2,1,0.5,0.667,0.571,0.137,,,,,,,
arrow,pixel_scan,diagram_02.png,1,5,1,0,4,1.0,0.2,0.333,0.183,,,,,,,
arrow,pixel_scan,diagram_03.png,1,5,1,0,4,1.0,0.2,0.333,0.165,,,,,,,
arrow,pixel_scan,diagram_04.png,4,3,2,2,1,0.5,0.667,0.571,0.166,,,,,,,
arrow,pixel_scan,diagram_05.png,1,4,1,0,3,1.0,0.25,0.4,0.172,,,,,,,
arrow,pixel_scan,diagram_06.png,0,4,0,0,4,0.0,0.0,0.0,0.151,,,,,,,
arrow,pixel_scan,diagram_07.png,0,3,0,0,3,0.0,0.0,0.0,0.134,,,,,,,
arrow,pixel_scan,diagram_08.png,2,3,1,1,2,0.5,0.333,0.4,0.14,,,,,,,
arrow,pixel_scan,diagram_09.png,4,3,2,2,1,0.5,0.667,0.571,0.132,,,,,,,
arrow,pixel_scan,diagram_10.png,3,4,1,2,3,0.333,0.25,0.286,0.168,,,,,,,
arrow,pixel_scan,diagram_11.png,0,4,0,0,4,0.0,0.0,0.0,0.188,,,,,,,
arrow,pixel_scan,diagram_12.png,2,3,1,1,2,0.5,0.333,0.4,0.146,,,,,,,
arrow,pixel_scan,diagram_13.png,0,4,0,0,4,0.0,0.0,0.0,0.164,,,,,,,
arrow,pixel_scan,diagram_14.png,0,4,0,0,4,0.0,0.0,0.0,0.167,,,,,,,
arrow,pixel_scan,search_interview_test.png,59,,,,,,,,0.098,no GT boxes (search_interview_test.png),,,,,,
arrow,hough_lines,diagram_01.png,2,3,0,2,3,0.0,0.0,0.0,0.021,,,,,,,
arrow,hough_lines,diagram_02.png,5,5,3,2,2,0.6,0.6,0.6,0.027,,,,,,,
arrow,hough_lines,diagram_03.png,4,5,1,3,4,0.25,0.2,0.222,0.025,,,,,,,
arrow,hough_lines,diagram_04.png,3,3,0,3,3,0.0,0.0,0.0,0.02,,,,,,,
arrow,hough_lines,diagram_05.png,2,4,2,0,2,1.0,0.5,0.667,0.016,,,,,,,
arrow,hough_lines,diagram_06.png,4,4,2,2,2,0.5,0.5,0.5,0.018,,,,,,,
arrow,hough_lines,diagram_07.png,1,3,1,0,2,1.0,0.333,0.5,0.014,,,,,,,
arrow,hough_lines,diagram_08.png,1,3,1,0,2,1.0,0.333,0.5,0.015,,,,,,,
arrow,hough_lines,diagram_09.png,2,3,0,2,3,0.0,0.0,0.0,0.013,,,,,,,
arrow,hough_lines,diagram_10.png,3,4,2,1,2,0.667,0.5,0.571,0.018,,,,,,,
arrow,hough_lines,diagram_11.png,6,4,1,5,3,0.167,0.25,0.2,0.02,,,,,,,
arrow,hough_lines,diagram_12.png,3,3,3,0,0,1.0,1.0,1.0,0.019,,,,,,,
arrow,hough_lines,diagram_13.png,6,4,2,4,2,0.333,0.5,0.4,0.019,,,,,,,
arrow,hough_lines,diagram_14.png,5,4,0,5,4,0.0,0.0,0.0,0.02,,,,,,,
arrow,hough_lines,search_interview_test.png,73,,,,,,,,0.024,no GT boxes (search_interview_test.png),,,,,,
arrow,cnn_verified,diagram_01.png,2,3,0,2,3,0.0,0.0,0.0,0.069,,,,,,,
arrow,cnn_verified,diagram_02.png,3,5,3,0,2,1.0,0.6,0.75,0.096,,,,,,,
arrow,cnn_verified,diagram_03.png,3,5,1,2,4,0.333,0.2,0.25,0.108,,,,,,,
arrow,cnn_verified,diagram_04.png,3,3,0,3,3,0.0,0.0,0.0,0.044,,,,,,,
arrow,cnn_verified,diagram_05.png,2,4,2,0,2,1.0,0.5,0.667,0.067,,,,,,,
arrow,cnn_verified,diagram_06.png,2,4,2,0,2,1.0,0.5,0.667,0.067,,,,,,,
arrow,cnn_verified,diagram_07.png,1,3,1,0,2,1.0,0.333,0.5,0.04,,,,,,,
arrow,cnn_verified,diagram_08.png,1,3,1,0,2,1.0,0.333,0.5,0.04,,,,,,,
arrow,cnn_verified,diagram_09.png,2,3,0,2,3,0.0,0.0,0.0,0.038,,,,,,,
arrow,cnn_verified,diagram_10.png,3,4,2,1,2,0.667,0.5,0.571,0.076,,,,,,,
arrow,cnn_verified,diagram_11.png,3,4,1,2,3,0.333,0.25,0.286,0.13,,,,,,,
arrow,cnn_verified,diagram_12.png,3,3,3,0,0,1.0,1.0,1.0,0.063,,,,,,,
arrow,cnn_verified,diagram_13.png,2,4,2,0,2,1.0,0.5,0.667,0.076,,,,,,,
arrow,cnn_verified,diagram_14.png,1,4,0,1,4,0.0,0.0,0.0,0.066,,,,,,,
arrow,cnn_verified,search_interview_test.png,59,,,,,,,,0.223,no GT boxes (search_interview_test.png),,,,,,
icon,hsv,diagram_01.png,0,0,,,,,,,0.002,,0.0,0.0,0.0,0.0,0.0,0.0
icon,hsv,diagram_02.png,0,0,,,,,,,0.004,,0.0,0.0,0.0,0.0,0.0,0.0
icon,hsv,diagram_03.png,0,0,,,,,,,0.003,,0.0,0.0,0.0,0.0,0.0,0.0
icon,hsv,diagram_04.png,0,0,,,,,,,0.003,,0.0,0.0,0.0,0.0,0.0,0.0
icon,hsv,diagram_05.png,0,0,,,,,,,0.004,,0.0,0.0,0.0,0.0,0.0,0.0
icon,hsv,diagram_06.png,0,0,,,,,,,0.003,,0.0,0.0,0.0,0.0,0.0,0.0
icon,hsv,diagram_07.png,0,0,,,,,,,0.003,,0.0,0.0,0.0,0.0,0.0,0.0
icon,hsv,diagram_08.png,0,0,,,,,,,0.002,,0.0,0.0,0.0,0.0,0.0,0.0
icon,hsv,diagram_09.png,0,0,,,,,,,0.002,,0.0,0.0,0.0,0.0,0.0,0.0
icon,hsv,diagram_10.png,0,0,,,,,,,0.003,,0.0,0.0,0.0,0.0,0.0,0.0
icon,hsv,diagram_11.png,0,0,,,,,,,0.003,,0.0,0.0,0.0,0.0,0.0,0.0
icon,hsv,diagram_12.png,0,0,,,,,,,0.003,,0.0,0.0,0.0,0.0,0.0,0.0
icon,hsv,diagram_13.png,0,0,,,,,,,0.003,,0.0,0.0,0.0,0.0,0.0,0.0
icon,hsv,diagram_14.png,0,0,,,,,,,0.003,,0.0,0.0,0.0,0.0,0.0,0.0
icon,hsv,search_interview_test.png,19,2,,,,,,,0.003,,0.0,0.0,0.0,0.105,1.0,0.19
icon,template_matching,diagram_01.png,0,0,,,,,,,0.204,,0.0,0.0,0.0,0.0,0.0,0.0
icon,template_matching,diagram_02.png,0,0,,,,,,,0.207,,0.0,0.0,0.0,0.0,0.0,0.0
icon,template_matching,diagram_03.png,0,0,,,,,,,0.185,,0.0,0.0,0.0,0.0,0.0,0.0
icon,template_matching,diagram_04.png,0,0,,,,,,,0.165,,0.0,0.0,0.0,0.0,0.0,0.0
icon,template_matching,diagram_05.png,0,0,,,,,,,0.184,,0.0,0.0,0.0,0.0,0.0,0.0
icon,template_matching,diagram_06.png,0,0,,,,,,,0.179,,0.0,0.0,0.0,0.0,0.0,0.0
icon,template_matching,diagram_07.png,0,0,,,,,,,0.153,,0.0,0.0,0.0,0.0,0.0,0.0
icon,template_matching,diagram_08.png,0,0,,,,,,,0.149,,0.0,0.0,0.0,0.0,0.0,0.0
icon,template_matching,diagram_09.png,0,0,,,,,,,0.147,,0.0,0.0,0.0,0.0,0.0,0.0
icon,template_matching,diagram_10.png,0,0,,,,,,,0.187,,0.0,0.0,0.0,0.0,0.0,0.0
icon,template_matching,diagram_11.png,0,0,,,,,,,0.234,,0.0,0.0,0.0,0.0,0.0,0.0
icon,template_matching,diagram_12.png,0,0,,,,,,,0.164,,0.0,0.0,0.0,0.0,0.0,0.0
icon,template_matching,diagram_13.png,0,0,,,,,,,0.19,,0.0,0.0,0.0,0.0,0.0,0.0
icon,template_matching,diagram_14.png,0,0,,,,,,,0.191,,0.0,0.0,0.0,0.0,0.0,0.0
icon,template_matching,search_interview_test.png,2,2,,,,,,,0.11,,1.0,1.0,1.0,1.0,1.0,1.0
icon,clip_zero_shot,diagram_01.png,0,0,,,,,,,9.963,,0.0,0.0,0.0,0.0,0.0,0.0
icon,clip_zero_shot,diagram_02.png,0,0,,,,,,,0.011,,0.0,0.0,0.0,0.0,0.0,0.0
icon,clip_zero_shot,diagram_03.png,0,0,,,,,,,0.011,,0.0,0.0,0.0,0.0,0.0,0.0
icon,clip_zero_shot,diagram_04.png,0,0,,,,,,,0.008,,0.0,0.0,0.0,0.0,0.0,0.0
icon,clip_zero_shot,diagram_05.png,0,0,,,,,,,0.009,,0.0,0.0,0.0,0.0,0.0,0.0
icon,clip_zero_shot,diagram_06.png,0,0,,,,,,,0.01,,0.0,0.0,0.0,0.0,0.0,0.0
icon,clip_zero_shot,diagram_07.png,0,0,,,,,,,0.007,,0.0,0.0,0.0,0.0,0.0,0.0
icon,clip_zero_shot,diagram_08.png,0,0,,,,,,,0.009,,0.0,0.0,0.0,0.0,0.0,0.0
icon,clip_zero_shot,diagram_09.png,0,0,,,,,,,0.01,,0.0,0.0,0.0,0.0,0.0,0.0
icon,clip_zero_shot,diagram_10.png,0,0,,,,,,,0.011,,0.0,0.0,0.0,0.0,0.0,0.0
icon,clip_zero_shot,diagram_11.png,0,0,,,,,,,0.01,,0.0,0.0,0.0,0.0,0.0,0.0
icon,clip_zero_shot,diagram_12.png,0,0,,,,,,,0.008,,0.0,0.0,0.0,0.0,0.0,0.0
icon,clip_zero_shot,diagram_13.png,0,0,,,,,,,0.009,,0.0,0.0,0.0,0.0,0.0,0.0
icon,clip_zero_shot,diagram_14.png,0,0,,,,,,,0.009,,0.0,0.0,0.0,0.0,0.0,0.0
icon,clip_zero_shot,search_interview_test.png,18,2,,,,,,,0.612,,0.5,1.0,0.667,0.111,1.0,0.2
